{
  "title": "Texas Employment Agreement",
  "description": "Texas employment agreement with enforceable restrictive covenants when reasonable and ancillary, FLSA/Texas wage compliance, and optional arbitration.",
  "clauses": [
    "employee_details",
    "at_will_employment",
    "job_title_and_duties",
    "employee_classification",
    "compensation",
    "benefits",
    "wage_and_hour_compliance",
    "timekeeping_attestation",
    "expense_reimbursement",
    "anti_discrimination_harassment",
    "confidentiality",
    "nlra_protected_rights",
    "dtsa_whistleblower_notice",
    "ip_assignment",
    "non_compete_prohibition",
    "background_check_consent",
    "immigration_compliance",
    "arbitration",
    "governing_law",
    "handbook_acknowledgment",
    "electronic_signatures",
    "entire_agreement",
    "severability",
    "notice"
  ],
  "options": {
    "at_will_employment": [
      "for_cause_examples"
    ],
    "arbitration": [
      "jams_provider",
      "aaa_provider",
      "class_action_waiver"
    ]
  },
  "tone": "plain_english",
  "formatting": "standard_numbered",
  "disclaimer_path": "disclaimer.md",
  "examples": []
}